ticker,date,market_clean_price,market_dirty_price,clean_floor,dirty_floor,accrued_interest,effective_discount_rate,n_cashflows,stock_price,conversion_price,implied_vol_pct,risk_free_rate_pct,remaining_maturity,option_value,option_value_per_bond,option_value_pct,delta,fair_value_clean,fair_value_dirty,mispricing_pct,mispricing_usd,signal
WEC1,2025-06-10,100.63,100.639,96.309148,96.309148,0.0,4.8659,7,105.59,128.3681,18.9115,3.9643,2.976,10.334251,80.5048,8.050485,0.468845,104.35963299999999,104.35963299999999,3.7296329999999926,37.29632999999993,True
WEC1,2025-06-11,100.669,100.687,96.448777,96.448777,0.0,4.8195,7,105.58,128.3681,18.706,3.9156,2.9733,10.119824,78.8344,7.883444,0.465073,104.332221,104.332221,3.663221000000007,36.63221000000007,True
WEC1,2025-06-12,100.86,100.888,96.586024,96.586024,0.0,4.7852,7,106.44,128.3681,18.6848,3.8675,2.9706,10.457656,81.4662,8.146618,0.473112,104.732642,104.732642,3.872641999999999,38.72641999999999,True
WEC1,2025-06-13,100.548,100.605,96.501723,96.501723,0.0,4.8131,7,105.11,128.3681,18.6846,3.8947,2.9678,9.859269,76.8047,7.680469,0.458418,104.182192,104.182192,3.6341919999999988,36.34191999999999,True
WEC1,2025-06-16,100.552,100.618,96.494457,96.494457,0.0,4.8319,7,104.15,128.3681,18.9608,3.9218,2.9596,9.636783,75.0715,7.50715,0.450306,104.00160699999999,104.00160699999999,3.449606999999986,34.49606999999986,True
WEC1,2025-06-17,100.179,100.254,96.552934,96.552934,0.0,4.8275,7,104.1,128.3681,19.1007,3.8936,2.9569,9.669882,75.3293,7.532935,0.449797,104.08586899999999,104.08586899999999,3.906868999999986,39.06868999999986,True
WEC1,2025-06-18,100.023,100.117,96.581391,96.581391,0.0,4.8172,7,103.83,128.3681,18.701,3.8876,2.9541,9.26423,72.1693,7.216928,0.442545,103.79831899999999,103.79831899999999,3.775318999999996,37.75318999999996,True
WEC1,2025-06-20,100.346,100.468,96.658031,96.658031,0.0,4.7985,7,104.19,128.3681,19.5308,3.8677,2.9487,9.941426,77.4447,7.74447,0.453096,104.402501,104.402501,4.056500999999997,40.56500999999997,True
WEC1,2025-06-23,100.41,100.542,96.797776,96.797776,0.0,4.7613,7,105.5,128.3681,18.9164,3.8181,2.9405,9.996599,77.8745,7.787451,0.459966,104.585227,104.585227,4.175227000000007,41.75227000000007,True
WEC1,2025-06-24,100.65,100.791,96.971887,96.971887,0.0,4.7136,7,105.36,128.3681,18.7431,3.7754,2.9377,9.761645,76.0442,7.604419,0.455184,104.57630599999999,104.57630599999999,3.9263059999999825,39.263059999999825,True
WEC1,2025-06-25,99.939,100.089,96.991188,96.991188,0.0,4.7097,7,102.87,128.3681,16.7932,3.7527,2.935,7.302577,56.8878,5.68878,0.402455,102.67996799999999,102.67996799999999,2.740967999999995,27.409679999999952,False
WEC1,2025-06-26,100.063,100.223,97.107588,97.107588,0.0,4.6764,7,103.32,128.3681,19.3055,3.7123,2.9322,9.195938,71.6373,7.163727,0.434695,104.271315,104.271315,4.208314999999999,42.08314999999999,True
WEC1,2025-06-27,100.184,100.371,97.11091,97.11091,0.0,4.6789,7,103.13,128.3681,16.9152,3.7258,2.9295,7.456846,58.0896,5.808958,0.406002,102.91986800000001,102.91986800000001,2.7358680000000106,27.358680000000106,False
WEC1,2025-06-30,100.321,100.518,97.275011,97.275011,0.0,4.6415,7,104.2,128.3681,17.4024,3.6961,2.9213,8.201123,63.8876,6.388757,0.423908,103.663768,103.663768,3.3427680000000066,33.427680000000066,True
WEC1,2025-07-01,100.265,100.471,97.243315,97.243315,0.0,4.6583,7,104.75,128.3681,17.9558,3.7229,2.9185,8.83859,68.8535,6.88535,0.437346,104.128665,104.128665,3.8636649999999975,38.636649999999975,True
WEC1,2025-07-02,100.115,100.331,97.250388,97.250388,0.0,4.649,7,103.75,128.3681,17.6152,3.7452,2.9158,8.19088,63.8078,6.380777,0.421997,103.631165,103.631165,3.516165000000001,35.16165000000001,True
WEC1,2025-07-03,100.193,100.446,97.158434,97.158434,0.0,4.6938,7,104.34,128.3681,18.0582,3.8153,2.9131,8.814731,68.6676,6.866763,0.436401,104.025197,104.025197,3.832197000000008,38.32197000000008,True
WEC1,2025-07-07,100.144,100.406,97.083809,97.083809,0.0,4.7335,7,104.31,128.3681,16.5426,3.8434,2.9021,7.728839,60.2084,6.020843,0.419649,103.104652,103.104652,2.960651999999996,29.60651999999996,False
WEC1,2025-07-08,100.078,100.35,97.043166,97.043166,0.0,4.7545,7,103.66,128.3681,18.1837,3.864,2.8994,8.613653,67.1012,6.710122,0.430094,103.753288,103.753288,3.675287999999995,36.75287999999995,True
WEC1,2025-07-09,100.178,100.459,97.121137,97.121137,0.0,4.7308,7,104.22,128.3681,20.521,3.8183,2.8966,10.377277,80.84,8.084002,0.456449,105.205139,105.205139,5.027139000000005,50.27139000000005,True
WEC1,2025-07-10,100.55,100.841,97.160899,97.160899,0.0,4.7235,7,105.68,128.3681,17.7,3.8174,2.8939,9.075023,70.6953,7.069534,0.447769,104.230433,104.230433,3.680433000000008,36.80433000000008,True
WEC1,2025-07-11,100.504,100.823,97.077328,97.077328,0.0,4.7444,7,105.51,128.3681,15.8719,3.8554,2.8912,7.748193,60.3592,6.03592,0.427928,103.113248,103.113248,2.609247999999994,26.092479999999938,False
WEC1,2025-07-14,100.493,100.821,97.106618,97.106618,0.0,4.7522,7,105.85,128.3681,20.1294,3.8582,2.883,10.886372,84.8059,8.480593,0.471755,105.587211,105.587211,5.094211000000001,50.942110000000014,True
WEC1,2025-07-15,100.203,100.54,97.025212,97.025212,0.0,4.7807,7,104.79,128.3681,17.0736,3.9053,2.8802,8.303247,64.6831,6.468312,0.432562,103.493524,103.493524,3.2905239999999907,32.90523999999991,True
WEC1,2025-07-16,100.56,100.906,97.126639,97.126639,0.0,4.7439,7,106.13,128.3681,18.0592,3.8705,2.8775,9.513193,74.1087,7.410873,0.457106,104.53751199999999,104.53751199999999,3.97751199999999,39.7751199999999,True
WEC1,2025-07-17,100.645,101.001,97.142698,97.142698,0.0,4.7471,7,106.2,128.3681,17.6622,3.8789,2.8747,9.271844,72.2286,7.222859,0.454569,104.365557,104.365557,3.7205569999999994,37.205569999999994,True
WEC1,2025-07-22,101.663,102.067,97.424523,97.424523,0.0,4.6879,7,110.1,128.3681,17.3225,3.781,2.8611,10.740707,83.6712,8.367118,0.495762,105.791641,105.791641,4.128641000000002,41.28641000000002,True
WEC1,2025-07-23,101.633,102.045,97.412464,97.412464,0.0,4.6937,7,109.03,128.3681,19.6818,3.8107,2.8583,11.984076,93.3571,9.335715,0.500461,106.748179,106.748179,5.115178999999998,51.15178999999998,True
WEC1,2025-07-24,101.589,102.01,97.33137,97.33137,0.0,4.7219,7,109.54,128.3681,17.404,3.8478,2.8556,10.579256,82.4135,8.241346,0.491506,105.57271600000001,105.57271600000001,3.9837160000000154,39.837160000000154,True
WEC1,2025-07-25,101.556,102.006,97.387264,97.387264,0.0,4.7087,7,109.52,128.3681,17.4498,3.8404,2.8528,10.583702,82.4481,8.244809,0.491107,105.632073,105.632073,4.076073000000008,40.76073000000008,True
WEC1,2025-07-28,101.19,101.649,97.386953,97.386953,0.0,4.7175,7,107.5,128.3681,19.0479,3.8552,2.8446,10.747613,83.725,8.372498,0.478907,105.75945100000001,105.75945100000001,4.569451000000015,45.69451000000015,True
WEC1,2025-07-29,101.237,101.706,97.480406,97.480406,0.0,4.694,7,108.63,128.3681,14.7863,3.8127,2.8419,8.132568,63.3535,6.335352,0.454846,103.815758,103.815758,2.5787580000000077,25.787580000000077,False
WEC1,2025-07-30,101.114,101.592,97.404985,97.404985,0.0,4.7311,7,108.36,128.3681,16.996,3.8572,2.8392,9.614093,74.8947,7.489475,0.472095,104.89446,104.89446,3.780459999999991,37.80459999999991,True
WEC1,2025-07-31,101.258,101.736,97.378302,97.378302,0.0,4.727,7,109.08,128.3681,17.4003,3.8684,2.8364,10.291569,80.1724,8.017236,0.485008,105.395538,105.395538,4.137538000000006,41.375380000000064,True
WEC1,2025-08-01,102.012,102.518,97.702315,97.702315,0.0,4.571,7,110.24,128.3681,18.2228,3.7062,2.8337,11.282123,87.8889,8.788886,0.498976,106.491201,106.491201,4.479201000000003,44.79201000000003,True
WEC1,2025-08-04,102.306,102.822,97.867494,97.867494,0.0,4.5307,7,111.27,128.3681,16.4513,3.6547,2.8255,10.377371,80.8408,8.084076,0.496967,105.95156999999999,105.95156999999999,3.645569999999992,36.45569999999992,True
WEC1,2025-08-05,102.117,102.642,97.866389,97.866389,0.0,4.5676,7,110.0,128.3681,16.4055,3.6587,2.8227,9.695249,75.527,7.552696,0.47975,105.419085,105.419085,3.302084999999991,33.02084999999991,True
WEC1,2025-08-07,102.33,102.874,97.905993,97.905993,0.0,4.5559,7,110.7,128.3681,16.826,3.6726,2.8172,10.363226,80.7306,8.073057,0.492364,105.97905,105.97905,3.6490500000000026,36.490500000000026,True
WEC1,2025-08-08,102.202,102.774,97.84388,97.84388,0.0,4.5797,7,110.35,128.3681,17.0855,3.7023,2.8145,10.408155,81.0806,8.108057,0.490739,105.951937,105.951937,3.7499370000000027,37.49937000000003,True
WEC1,2025-08-11,102.274,102.856,97.873516,97.873516,0.0,4.5856,7,109.67,128.3681,17.5392,3.7046,2.8063,10.377663,80.843,8.084303,0.485044,105.957819,105.957819,3.6838189999999997,36.83819,True
WEC1,2025-08-12,101.843,102.434,97.934877,97.934877,0.0,4.5507,7,109.43,128.3681,17.3775,3.6955,2.8036,10.114591,78.7937,7.879368,0.480182,105.814245,105.814245,3.971244999999996,39.71244999999996,True
WEC1,2025-08-13,101.986,102.586,98.090787,98.090787,0.0,4.4965,7,109.94,128.3681,15.1296,3.648,2.8008,8.61309,67.0968,6.709684,0.465843,104.800471,104.800471,2.8144709999999975,28.144709999999975,False
WEC1,2025-08-14,102.146,102.756,98.048418,98.048418,0.0,4.5231,7,108.13,128.3681,17.2292,3.6795,2.7981,9.311342,72.5363,7.253628,0.460987,105.302046,105.302046,3.1560460000000035,31.560460000000035,True
WEC1,2025-08-15,101.534,102.172,98.043002,98.043002,0.0,4.5276,7,107.36,128.3681,17.5998,3.7065,2.7953,9.244961,72.0192,7.201917,0.455421,105.244919,105.244919,3.71091899999999,37.1091899999999,True
WEC1,2025-08-18,101.617,102.264,98.048811,98.048811,0.0,4.538,7,106.39,128.3681,17.5525,3.7184,2.7871,8.788287,68.4616,6.846164,0.442939,104.894975,104.894975,3.277974999999998,32.77974999999998,True
WEC1,2025-08-19,101.848,102.504,98.060304,98.060304,0.0,4.54,7,108.48,128.3681,17.1857,3.6985,2.7844,9.422948,73.4057,7.340571,0.464855,105.400875,105.400875,3.5528750000000002,35.52875,True
WEC1,2025-08-20,101.963,102.628,98.097234,98.097234,0.0,4.5385,7,108.91,128.3681,17.2923,3.6781,2.7817,9.684775,75.4454,7.544536,0.470439,105.64177,105.64177,3.67877,36.7877,True
WEC1,2025-08-21,101.807,102.482,98.008612,98.008612,0.0,4.5796,7,108.48,128.3681,16.9105,3.7184,2.7789,9.216024,71.7938,7.179375,0.462674,105.18798699999999,105.18798699999999,3.3809869999999904,33.809869999999904,True
WEC1,2025-08-22,101.94,102.643,98.211159,98.211159,0.0,4.498,7,108.54,128.3681,16.9652,3.652,2.7762,9.201751,71.6826,7.168256,0.461182,105.379415,105.379415,3.439414999999997,34.39414999999997,True
WEC1,2025-08-25,101.698,102.411,98.222326,98.222326,0.0,4.5091,7,106.96,128.3681,17.2817,3.6617,2.768,8.716513,67.9025,6.790251,0.443822,105.012577,105.012577,3.314577,33.14577,True
WEC1,2025-08-26,101.634,102.356,98.289943,98.289943,0.0,4.4881,7,107.16,128.3681,16.5908,3.6292,2.7652,8.287134,64.5576,6.455761,0.438218,104.74570399999999,104.74570399999999,3.111703999999989,31.11703999999989,True
WEC1,2025-08-27,101.801,102.533,98.341567,98.341567,0.0,4.4764,7,107.68,128.3681,16.474,3.603,2.7625,8.388993,65.3511,6.53511,0.44263,104.876677,104.876677,3.075676999999999,30.75676999999999,True
WEC1,2025-08-28,101.396,102.137,98.376446,98.376446,0.0,4.4783,7,106.31,128.3681,16.6761,3.5932,2.7598,7.931186,61.7847,6.178473,0.426051,104.554919,104.554919,3.1589189999999974,31.589189999999974,True
WEC1,2025-09-02,101.275,102.053,98.300102,98.300102,0.0,4.5015,7,106.02,128.3681,17.7591,3.6141,2.7461,8.518091,66.3568,6.635678,0.433241,104.93578,104.93578,3.6607799999999884,36.607799999999884,True
WEC1,2025-09-03,101.29,102.077,98.41893,98.41893,0.0,4.4524,7,106.89,128.3681,17.2104,3.581,2.7433,8.467133,65.9598,6.595981,0.437246,105.014911,105.014911,3.7249109999999916,37.24910999999992,True
WEC1,2025-09-04,101.531,102.328,98.568894,98.568894,0.0,4.4078,7,107.48,128.3681,16.6186,3.5446,2.7406,8.265422,64.3885,6.438847,0.437374,105.007741,105.007741,3.47674099999999,34.7674099999999,True
WEC1,2025-09-08,101.487,102.321,98.82841,98.82841,0.0,4.3096,7,107.36,128.3681,17.0821,3.4486,2.7296,8.389343,65.3538,6.535382,0.435844,105.363792,105.363792,3.876792000000009,38.76792000000009,True
WEC1,2025-09-09,101.687,102.531,98.783969,98.783969,0.0,4.343,7,107.56,128.3681,16.5801,3.4708,2.7269,8.148053,63.4741,6.347415,0.434058,105.131384,105.131384,3.4443839999999994,34.443839999999994,True
WEC1,2025-09-10,102.154,103.007,98.830058,98.830058,0.0,4.3241,7,109.39,128.3681,17.2195,3.467,2.7242,9.407267,73.2836,7.328355,0.46361,106.158413,106.158413,4.004413,40.044129999999996,True
WEC1,2025-09-11,102.361,103.224,98.909511,98.909511,0.0,4.2875,7,109.72,128.3681,18.0544,3.4597,2.7214,10.166051,79.1946,7.919455,0.474468,106.828966,106.828966,4.46796599999999,44.6796599999999,True
WEC1,2025-09-12,102.458,103.349,98.867774,98.867774,0.0,4.3061,7,110.52,128.3681,16.9126,3.4913,2.7187,9.741697,75.8888,7.588879,0.476314,106.456653,106.456653,3.9986530000000045,39.986530000000045,True
WEC1,2025-09-15,102.476,103.376,98.9477,98.9477,0.0,4.2854,7,110.97,128.3681,17.0533,3.4828,2.7105,10.025706,78.1012,7.810125,0.482352,106.757825,106.757825,4.281824999999998,42.81824999999998,True
WEC1,2025-09-17,102.28,103.199,98.941129,98.941129,0.0,4.2784,7,109.26,128.3681,17.7839,3.4854,2.705,9.708778,75.6324,7.563235,0.466147,106.50436400000001,106.50436400000001,4.2243640000000084,42.243640000000084,True
WEC1,2025-09-18,102.228,103.156,98.918398,98.918398,0.0,4.2777,7,109.47,128.3681,17.1574,3.5199,2.7023,9.376669,73.0452,7.304519,0.464425,106.222917,106.222917,3.994917000000001,39.94917000000001,True
WEC1,2025-09-22,102.26,103.226,98.886478,98.886478,0.0,4.2941,7,109.86,128.3681,17.3262,3.5524,2.6913,9.687897,75.4697,7.546968,0.471373,106.433446,106.433446,4.173445999999998,41.734459999999984,True
WEC1,2025-09-23,102.602,103.577,98.899216,98.899216,0.0,4.3018,7,111.76,128.3681,17.8208,3.5416,2.6886,10.958095,85.3647,8.536466,0.498362,107.435682,107.435682,4.833681999999996,48.33681999999996,True
WEC1,2025-09-24,102.751,103.735,98.837948,98.837948,0.0,4.3282,7,112.02,128.3681,18.147,3.5617,2.6858,11.334009,88.2931,8.829306,0.504112,107.667254,107.667254,4.916253999999995,49.16253999999995,True
WEC1,2025-09-25,102.495,103.488,98.710161,98.710161,0.0,4.3869,7,111.24,128.3681,18.2668,3.6091,2.6831,11.084538,86.3497,8.634966,0.497101,107.345127,107.345127,4.8501270000000005,48.501270000000005,True
WEC1,2025-09-29,103.141,104.173,98.815548,98.815548,0.0,4.3501,7,114.22,128.3681,17.727,3.6053,2.6721,12.110158,94.3393,9.433935,0.528471,108.24948300000001,108.24948300000001,5.108483000000007,51.08483000000007,True
WEC1,2025-10-01,103.146,104.196,98.94599,98.94599,0.0,4.3188,7,112.99,128.3681,17.6497,3.5504,2.6667,11.359859,88.4944,8.849444,0.511032,107.795434,107.795434,4.649433999999999,46.494339999999994,True
WEC1,2025-10-02,102.77,103.829,99.021492,99.021492,0.0,4.3011,7,112.03,128.3681,18.7638,3.5336,2.6639,11.657565,90.8136,9.08136,0.505548,108.102852,108.102852,5.332852000000003,53.328520000000026,True
WEC1,2025-10-03,103.351,104.439,98.981025,98.981025,0.0,4.3219,7,113.29,128.3681,17.9883,3.5552,2.6612,11.732677,91.3987,9.139873,0.516305,108.120898,108.120898,4.769897999999998,47.69897999999998,True
WEC1,2025-10-06,103.553,104.65,98.979737,98.979737,0.0,4.3321,7,114.55,128.3681,17.594,3.5803,2.653,12.073497,94.0537,9.405375,0.529642,108.38511199999999,108.38511199999999,4.832111999999995,48.32111999999995,True
WEC1,2025-10-08,103.56,104.676,99.013732,99.013732,0.0,4.3342,7,114.59,128.3681,18.5804,3.5656,2.6475,12.808878,99.7824,9.978244,0.534007,108.99197600000001,108.99197600000001,5.431976000000006,54.31976000000006,True
WEC1,2025-10-09,103.539,104.664,98.955678,98.955678,0.0,4.3603,7,113.88,128.3681,18.7606,3.5748,2.6448,12.544602,97.7237,9.772371,0.526751,108.728049,108.728049,5.189048999999997,51.89048999999997,True
WEC1,2025-10-13,103.934,105.096,99.05243,99.05243,0.0,4.3376,7,114.97,128.3681,18.2696,3.5137,2.6338,12.660282,98.6249,9.862486,0.534333,108.914916,108.914916,4.980916000000008,49.80916000000008,True
WEC1,2025-10-14,104.512,105.684,99.192611,99.192611,0.0,4.3042,7,116.49,128.3681,18.7699,3.469,2.6311,13.823917,107.6897,10.76897,0.55224,109.961581,109.961581,5.449580999999995,54.49580999999995,True
WEC1,2025-10-15,104.774,105.955,99.204236,99.204236,0.0,4.3106,7,117.28,128.3681,18.4138,3.4788,2.6283,14.000327,109.064,10.906395,0.560083,110.110631,110.110631,5.336630999999997,53.36630999999997,True
WEC1,2025-10-16,104.617,105.808,99.308346,99.308346,0.0,4.2689,7,116.19,128.3681,19.4759,3.4199,2.6256,14.098165,109.8261,10.982611,0.549675,110.290957,110.290957,5.6739570000000015,56.739570000000015,True
WEC1,2025-10-17,104.858,106.077,99.310969,99.310969,0.0,4.2718,7,116.84,128.3681,19.2196,3.4337,2.6229,14.274106,111.1967,11.119671,0.556085,110.43064,110.43064,5.572639999999993,55.72639999999993,True
WEC1,2025-10-20,105.0,106.228,99.378954,99.378954,0.0,4.2583,7,117.5,128.3681,18.7545,3.4294,2.6146,14.251732,111.0224,11.102242,0.561177,110.481196,110.481196,5.481195999999997,54.81195999999997,True
WEC1,2025-10-21,104.803,106.04,99.393529,99.393529,0.0,4.266,7,116.58,128.3681,18.123,3.4177,2.6119,13.23415,103.0954,10.309535,0.547941,109.703064,109.703064,4.900064,49.000640000000004,True
WEC1,2025-10-22,105.143,106.389,99.399781,99.399781,0.0,4.2694,7,117.4,128.3681,18.1416,3.4098,2.6092,13.685209,106.6091,10.660914,0.557088,110.06069500000001,110.06069500000001,4.917695000000009,49.17695000000009,True
WEC1,2025-10-24,104.5,105.784,99.419772,99.419772,0.0,4.2651,7,115.83,128.3681,18.8193,3.4512,2.6037,13.346764,103.9726,10.397262,0.542757,109.81703399999999,109.81703399999999,5.3170339999999925,53.170339999999925,True
WEC1,2025-10-27,104.551,105.845,99.456696,99.456696,0.0,4.2597,7,116.68,128.3681,18.7376,3.4602,2.5955,13.736097,107.0056,10.700557,0.551894,110.157253,110.157253,5.606252999999995,56.06252999999995,True
WEC1,2025-10-28,104.415,105.718,99.445497,99.445497,0.0,4.2756,7,115.22,128.3681,19.4198,3.4596,2.5927,13.419006,104.5354,10.45354,0.538125,109.899037,109.899037,5.484037000000001,54.84037000000001,True
WEC1,2025-10-29,104.398,105.711,99.284209,99.284209,0.0,4.3492,7,114.58,128.3681,19.2953,3.5431,2.59,13.060062,101.7392,10.173919,0.532916,109.458128,109.458128,5.060128000000006,50.60128000000006,True
WEC1,2025-10-31,103.248,104.589,99.115294,99.115294,0.0,4.4068,7,111.73,128.3681,20.0141,3.5809,2.5845,12.115904,94.3841,9.43841,0.505945,108.55370400000001,108.55370400000001,5.305704000000006,53.05704000000006,True
WEC1,2025-11-03,102.87,104.22,99.036528,99.036528,0.0,4.4555,7,110.61,128.3681,19.1642,3.5898,2.5763,10.95756,85.3605,8.536049,0.48753,107.57257700000001,107.57257700000001,4.702577000000005,47.02577000000005,True
WEC1,2025-11-04,103.045,104.405,99.120727,99.120727,0.0,4.4232,7,111.87,128.3681,19.6664,3.5688,2.5736,11.880428,92.5497,9.254972,0.504279,108.375699,108.375699,5.330698999999996,53.306989999999956,True
WEC1,2025-11-10,103.088,104.513,99.197076,99.197076,0.0,4.4209,7,112.42,128.3681,17.9746,3.5664,2.5572,10.888237,84.8205,8.482045,0.499014,107.679121,107.679121,4.591121000000001,45.91121000000001,True
WEC1,2025-11-11,103.144,104.569,99.208877,99.208877,0.0,4.421,7,112.5,128.3681,17.7419,3.5664,2.5544,10.751435,83.7548,8.375475,0.498319,107.584352,107.584352,4.44035199999999,44.4035199999999,True
WEC1,2025-11-12,103.016,104.45,99.245266,99.245266,0.0,4.4155,7,112.11,128.3681,17.4871,3.5456,2.5517,10.346217,80.5981,8.059807,0.490774,107.305073,107.305073,4.289072999999988,42.89072999999988,True
WEC1,2025-11-13,103.009,104.453,99.185142,99.185142,0.0,4.453,7,111.74,128.3681,18.5138,3.5666,2.5489,10.90554,84.9552,8.495525,0.493698,107.680667,107.680667,4.671666999999999,46.71666999999999,True
WEC1,2025-11-17,103.167,104.648,99.183636,99.183636,0.0,4.4675,7,111.89,128.3681,18.1627,3.5882,2.538,10.710168,83.4333,8.343328,0.493122,107.526964,107.526964,4.359964000000005,43.59964000000005,True
WEC1,2025-11-18,103.086,104.576,99.223713,99.223713,0.0,4.4479,7,111.6,128.3681,18.5124,3.5661,2.5352,10.779909,83.9766,8.397657,0.490998,107.62137,107.62137,4.53537,45.3537,True
WEC1,2025-11-19,102.929,104.429,99.265745,99.265745,0.0,4.4413,7,110.16,128.3681,18.4135,3.5628,2.5325,10.000813,77.9073,7.790733,0.472285,107.056478,107.056478,4.127477999999996,41.274779999999964,True
WEC1,2025-11-20,102.969,104.478,99.296963,99.296963,0.0,4.4342,7,110.65,128.3681,18.6686,3.5443,2.5298,10.385701,80.9057,8.090565,0.479458,107.387528,107.387528,4.418528000000009,44.18528000000009,True
WEC1,2025-11-21,102.935,104.472,99.384856,99.384856,0.0,4.4077,7,111.14,128.3681,18.4758,3.5008,2.527,10.427101,81.2282,8.122816,0.482329,107.507672,107.507672,4.572671999999997,45.72671999999997,True
WEC1,2025-11-24,102.98,104.526,99.483191,99.483191,0.0,4.389,7,111.02,128.3681,18.561,3.4829,2.5188,10.376467,80.8337,8.083371,0.480277,107.566562,107.566562,4.586562000000001,45.86562000000001,True
WEC1,2025-11-25,102.906,104.462,99.599886,99.599886,0.0,4.3508,7,111.22,128.3681,18.1945,3.4567,2.5161,10.175158,79.2655,7.92655,0.478905,107.526436,107.526436,4.620435999999998,46.20435999999998,True
WEC1,2025-12-02,101.941,101.96,97.936034,97.945409,0.009375,4.3261,6,108.09,128.3681,17.9897,3.5092,2.4969,8.517398,66.3514,6.635138,0.437118,104.571172,104.58054700000001,2.6301720000000017,26.301720000000017,False
WEC1,2025-12-05,101.457,101.523,97.916181,97.953681,0.0375,4.3291,6,105.71,128.3681,18.4472,3.5411,2.4887,7.852464,61.1715,6.117148,0.412539,104.033329,104.07082899999999,2.576329000000001,25.763290000000012,False
WEC1,2025-12-09,101.213,101.297,97.809342,97.884342,0.075,4.3727,6,104.64,128.3681,17.0181,3.5927,2.4778,6.499378,50.6308,5.06308,0.382046,102.872422,102.947422,1.6594220000000064,16.594220000000064,False
WEC1,2025-12-10,101.23,101.324,97.906974,97.991349,0.084375,4.3136,6,103.66,128.3681,18.9691,3.5609,2.475,7.331253,57.1112,5.711119,0.392127,103.618093,103.702468,2.388092999999998,23.880929999999978,False
WEC1,2025-12-11,101.25,101.353,97.938302,98.032052,0.09375,4.3099,6,103.48,128.3681,19.2241,3.5376,2.4723,7.392119,57.5853,5.758535,0.391891,103.69683699999999,103.79058699999999,2.446836999999988,24.46836999999988,False
WEC1,2025-12-12,101.138,101.269,97.901505,98.00463,0.103125,4.3083,6,103.88,128.3681,19.681,3.5457,2.4695,7.835525,61.0395,6.103952,0.401938,104.005457,104.10858200000001,2.8674570000000017,28.674570000000017,False
WEC1,2025-12-16,101.266,101.416,97.982908,98.123533,0.140625,4.2891,6,104.48,128.3681,17.0713,3.5026,2.4586,6.329449,49.307,4.930704,0.375505,102.913612,103.054237,1.6476119999999952,16.476119999999952,False
WEC1,2025-12-18,101.435,101.603,98.050076,98.209451,0.159375,4.2615,6,105.25,128.3681,19.0261,3.4743,2.4531,7.847104,61.1297,6.112972,0.407785,104.163048,104.322423,2.728048000000001,27.28048000000001,False
WEC1,2025-12-23,101.332,101.548,97.972123,98.178373,0.20625,4.2975,6,105.02,128.3681,17.1326,3.5241,2.4394,6.539001,50.9395,5.093947,0.382828,103.06607,103.27232,1.7340700000000027,17.340700000000027,False
WEC1,2025-12-29,101.438,101.709,98.096526,98.359026,0.2625,4.2457,6,105.73,128.3681,17.4716,3.4835,2.423,6.952319,54.1593,5.415926,0.393933,103.512452,103.774952,2.0744519999999937,20.744519999999937,False
WEC1,2026-01-07,101.293,101.639,98.103667,98.441167,0.3375,4.2507,6,105.04,128.3681,17.583,3.4775,2.3984,6.65633,51.8535,5.185347,0.383419,103.28901400000001,103.62651400000001,1.9960140000000024,19.960140000000024,False
WEC1,2026-01-08,101.503,101.859,98.056597,98.403472,0.346875,4.2652,6,105.23,128.3681,17.4397,3.5003,2.3956,6.649238,51.7982,5.179823,0.384704,103.23642,103.58329499999999,1.7334199999999953,17.334199999999953,False
WEC1,2026-01-09,101.246,101.63,98.027633,98.383883,0.35625,4.2779,6,104.65,128.3681,17.5996,3.5246,2.3929,6.529533,50.8657,5.086571,0.379319,103.114204,103.470454,1.8682040000000057,18.682040000000057,False
WEC1,2026-01-12,101.182,101.576,98.000297,98.384672,0.384375,4.2925,6,105.0,128.3681,15.6342,3.5401,2.3847,5.428651,42.2897,4.228973,0.357299,102.22927,102.613645,1.0472699999999975,10.472699999999975,False
WEC1,2026-01-13,101.275,101.678,98.03653,98.43028,0.39375,4.2747,6,105.96,128.3681,18.8092,3.5345,2.3819,7.782231,60.6244,6.062436,0.409927,104.098966,104.492716,2.8239659999999986,28.239659999999986,False
WEC1,2026-01-14,101.368,101.78,98.072335,98.47546,0.403125,4.2664,6,107.07,128.3681,18.754,3.5187,2.3792,8.163494,63.5944,6.359444,0.422301,104.43177899999999,104.834904,3.0637789999999967,30.637789999999967,True
WEC1,2026-01-15,101.844,102.266,98.028038,98.440538,0.4125,4.2879,6,108.16,128.3681,17.5449,3.5501,2.3765,7.862861,61.2525,6.125247,0.425061,104.153285,104.56578499999999,2.3092850000000027,23.092850000000027,False
WEC1,2026-01-22,102.231,102.718,97.999682,98.477807,0.478125,4.275,6,109.35,128.3681,17.7672,3.6115,2.3573,8.492439,66.157,6.615695,0.443204,104.61537700000001,105.09350200000002,2.384377000000015,23.84377000000015,False
WEC1,2026-01-23,102.076,102.592,97.991965,98.479465,0.4875,4.2769,6,109.1,128.3681,18.6688,3.6062,2.3546,8.981478,69.9666,6.996661,0.447934,104.988626,105.476126,2.912626000000003,29.12626000000003,False
WEC1,2026-01-27,102.462,102.996,98.035078,98.560078,0.525,4.2594,6,110.35,128.3681,19.2665,3.5902,2.3436,9.922045,77.2937,7.729372,0.46744,105.76445,106.28945,3.3024499999999932,33.02449999999993,True
WEC1,2026-01-28,102.518,103.061,98.032583,98.566958,0.534375,4.2593,6,110.04,128.3681,18.9263,3.6025,2.3409,9.54398,74.3486,7.434856,0.460983,105.467439,106.001814,2.949438999999998,29.49438999999998,False
WEC1,2026-01-29,102.43,102.983,98.042517,98.586267,0.54375,4.264,6,110.41,128.3681,18.7367,3.5786,2.3381,9.555669,74.4396,7.443962,0.46312,105.486479,106.030229,3.056478999999996,30.56478999999996,True
WEC1,2026-01-30,102.325,102.897,98.083161,98.636286,0.553125,4.2404,6,110.67,128.3681,20.5263,3.5607,2.3354,10.855062,84.562,8.456202,0.47908,106.53936300000001,107.092488,4.214363000000006,42.14363000000006,True
WEC1,2026-02-02,102.318,102.899,98.066647,98.638522,0.571875,4.2541,6,109.84,128.3681,17.9937,3.5802,2.3272,8.731125,68.0163,6.801634,0.448316,104.868281,105.440156,2.5502809999999982,25.502809999999982,False
WEC1,2026-02-03,103.098,103.689,98.044765,98.626015,0.58125,4.2597,6,112.26,128.3681,19.1937,3.5817,2.3244,10.685718,83.2428,8.324281,0.488377,106.369046,106.950296,3.2710459999999983,32.71045999999998,True
WEC1,2026-02-04,103.241,103.841,98.043113,98.633738,0.590625,4.2592,6,113.33,128.3681,18.6498,3.5836,2.3217,10.817731,84.2712,8.42712,0.497738,106.47023300000001,107.06085800000001,3.229233000000008,32.29233000000008,True
WEC1,2026-02-05,103.316,103.925,98.150033,98.750033,0.6,4.2088,6,111.94,128.3681,19.4848,3.5142,2.319,10.637416,82.8665,8.286654,0.483985,106.43668699999999,107.03668699999999,3.1206869999999896,31.206869999999896,True
WEC1,2026-02-06,102.765,103.403,98.157169,98.766544,0.609375,4.2197,6,111.42,128.3681,19.4033,3.5114,2.3162,10.323797,80.4234,8.042341,0.476893,106.19951,106.808885,3.434510000000003,34.34510000000003,True
WEC1,2026-02-09,102.71,103.357,98.183225,98.820725,0.6375,4.2096,6,111.32,128.3681,19.6209,3.502,2.308,10.377762,80.8438,8.08438,0.476342,106.26760499999999,106.90510499999999,3.5576049999999952,35.57604999999995,True
WEC1,2026-02-10,103.553,104.21,98.212239,98.859114,0.646875,4.1986,6,112.92,128.3681,19.1601,3.4692,2.3053,10.775187,83.9398,8.393978,0.49109,106.606217,107.253092,3.0532170000000036,30.532170000000036,True
WEC1,2026-02-11,103.406,104.072,98.190538,98.846788,0.65625,4.2238,6,113.13,128.3681,19.3663,3.4999,2.3025,11.030789,85.9309,8.593095,0.495621,106.78363300000001,107.43988300000001,3.377633000000003,33.77633000000003,True
WEC1,2026-02-12,103.772,104.447,98.225835,98.89146,0.665625,4.2191,6,114.03,128.3681,19.2177,3.4637,2.2998,11.304004,88.0593,8.805932,0.503975,107.031767,107.69739200000001,3.2597669999999965,32.597669999999965,True
WEC1,2026-02-17,104.352,105.074,98.271822,98.984322,0.7125,4.2337,6,115.45,128.3681,18.4592,3.4254,2.2861,11.417138,88.9406,8.894064,0.515027,107.165886,107.878386,2.8138859999999966,28.138859999999966,False
WEC1,2026-02-18,103.75,104.481,98.278531,99.000406,0.721875,4.2298,6,113.72,128.3681,18.2238,3.4432,2.2834,10.405014,81.0561,8.10561,0.492497,106.384141,107.106016,2.6341409999999996,26.341409999999996,False
WEC1,2026-02-19,104.179,104.919,98.263419,98.994669,0.73125,4.2379,6,114.22,128.3681,18.9488,3.4514,2.2806,11.118271,86.6124,8.661244,0.502964,106.924663,107.655913,2.7456629999999933,27.456629999999933,False
WEC1,2026-02-20,104.044,104.812,98.246455,98.98708,0.740625,4.2514,6,114.34,128.3681,18.7779,3.4603,2.2779,11.058898,86.1499,8.614992,0.503531,106.861447,107.60207199999999,2.8174470000000014,28.174470000000014,False
WEC1,2026-02-23,104.336,105.114,98.272168,99.040918,0.76875,4.2526,6,115.8,128.3681,19.0257,3.4304,2.2697,11.94316,93.0384,9.303841,0.521314,107.576009,108.344759,3.2400090000000006,32.400090000000006,True
WEC1,2026-02-24,104.432,105.219,98.236823,99.014948,0.778125,4.2732,6,115.9,128.3681,19.2872,3.4383,2.2669,12.179214,94.8773,9.48773,0.523869,107.724553,108.502678,3.292552999999998,32.92552999999998,True
